"Region","baseMean","log2FoldChange","lfcSE","stat","pvalue","padj","chrom","start","end"
"1",52.1209354227034,2.53726606293217,0.634054627726384,4.00165214790781,6.2901727205926e-05,0.0495807784521722,"chr1",10210940,10211418
"2",43.7951473909061,2.26201249513647,0.565922562656144,3.99703536208164,6.41407224478296e-05,0.0495807784521722,"chr1",106030104,106031076
"3",38.3038511147624,2.76067490030192,0.658834817090795,4.19023832482349,2.7866161221719e-05,0.0495807784521722,"chr1",106814972,106815587
"4",38.5028649608343,2.37545674392157,0.590068652602778,4.02572943579275,5.67989682321909e-05,0.0495807784521722,"chr1",106818441,106818643
"5",23.1135486398616,-3.00450601456432,0.732736894437339,-4.10038860793471,4.12456934888024e-05,0.0495807784521722,"chr1",11011713,11012038
